Name,Emails,Gender
TestUserTraining,api.tester@example.com,Male
Patricia,patricia1234@gmail.com,Female
Bhoopat Mukhopadhyay Ret.,bhoopat_ret_mukhopadhyay@hamill-kemmer.net,Female
www.udzial.com,nani@gmail.com,Male
Digambar Devar,devar_digambar@homenick.biz,Female
Anilabh Bandopadhyay,anilabh_bandopadhyay@conroy-hickle.name,Male
Aasha Gupta,gupta_aasha@haley-crooks.co,Male
Shiv Khanna,khanna_shiv@altenwerth-barrows.org,Female
Chandraswaroopa Kakkar,chandraswaroopa_kakkar@will.info,Male
Gurdev Singh,gurdev_singh@oconnell-hackett.name,Male
Mani Iyer,mani_iyer@vandervort-erdman.net,Female
Devvrat Varma,devvrat_varma@kovacek-huels.io,Female
Avadhesh Singh II,singh_avadhesh_ii@okuneva-crist.name,Male
Apsara Ahuja,ahuja_apsara@hoppe.org,Male
Bela Gandhi,gandhi_bela@reynolds-schuster.biz,Male
Ghanshyam Chattopadhyay,chattopadhyay_ghanshyam@langworth.com,Male
Somu Sinha,somu_sinha@roberts.com,Male
Karunanidhi Embranthiri Esq.,esq_karunanidhi_embranthiri@rodriguez.name,Male
Washington Luis Cabral da Silva,wluissilva@live.com,Male
Arindam Abbott,abbott_arindam@rau-batz.io,Male
